序号,板块,涨跌幅,总成交量,总成交额,净流入,上涨家数,下跌家数,均价,领涨股,领涨股-最新价,领涨股-涨跌幅,snapshot_date
72,IT服务,-3.55,3732.45,665.02,-57.42,12,116,17.82,*ST易录,11.0,13.87,20260529
66,专用设备,-3.02,2865.81,624.24,-55.45,30,168,21.78,凯格精机,248.92,13.97,20260529
9,中药,1.3,957.91,114.13,12.5,54,13,11.91,三力制药,16.28,10.0,20260529
35,互联网电商,-1.04,543.66,58.49,-4.35,7,12,10.76,若羽臣,25.82,4.53,20260529
8,保险,1.47,308.69,109.87,-2.86,5,0,35.59,新华保险,59.7,2.24,20260529
53,元件,-2.12,3197.55,1926.62,-8.38,16,46,60.25,风华高科,53.03,9.03,20260529
83,光伏设备,-4.65,2714.03,661.93,-61.05,4,68,24.39,欧晶科技,25.77,9.99,20260529
86,光学光电子,-5.83,9784.98,1019.24,-140.3,9,97,10.42,得邦照明,28.78,10.02,20260529
15,公路铁路运输,0.86,984.32,51.12,6.29,24,7,5.19,吉林高速,3.04,4.11,20260529
90,其他电子,-6.4,1218.01,385.44,-32.79,1,33,31.64,汉朔科技,44.7,1.2,20260529
82,其他电源设备,-4.33,890.74,279.93,-35.67,4,29,31.43,通合科技,33.5,1.51,20260529
58,其他社会服务,-2.32,725.56,87.53,-9.05,10,31,12.06,国检集团,6.96,9.95,20260529
21,养殖业,-0.21,803.76,68.22,2.38,16,19,8.49,晓鸣股份,17.84,5.38,20260529
87,军工电子,-5.9,1387.78,437.82,-52.33,1,62,31.55,火炬电子,48.44,2.39,20260529
79,军工装备,-4.1,1682.02,529.06,-59.95,9,74,31.45,光电股份,26.88,5.62,20260529
26,农产品加工,-0.53,459.95,45.99,0.54,23,18,10.0,永顺泰,11.4,2.33,20260529
43,农化制品,-1.51,1099.42,143.38,-11.35,9,52,13.04,国光股份,9.3,2.2,20260529
54,包装印刷,-2.14,689.72,93.92,-7.06,7,39,13.62,佳合科技,16.83,4.53,20260529
69,化学制品,-3.17,2429.95,472.02,-42.44,25,150,19.43,凌玮科技,138.6,17.45,20260529
18,化学制药,0.36,2047.54,408.82,19.25,89,66,19.97,东亚药业,23.77,9.99,20260529
61,化学原料,-2.54,1295.22,160.05,-11.77,7,51,12.36,三孚股份,45.31,5.47,20260529
59,化学纤维,-2.36,1227.49,92.81,-12.33,4,25,7.56,*ST三房,1.42,5.18,20260529
38,医疗器械,-1.23,994.9,245.81,-6.7,36,98,24.71,赛诺医疗,22.3,20.02,20260529
44,医疗服务,-1.55,932.7,194.07,-2.22,13,42,20.81,睿智医药,8.72,3.32,20260529
12,医药商业,1.1,500.68,44.55,-0.32,26,5,8.9,华人健康,17.72,5.35,20260529
89,半导体,-6.22,6151.07,4879.46,-319.3,14,164,79.33,赛微电子,50.03,7.64,20260529
28,厨卫电器,-0.62,49.6,5.54,-0.11,5,4,11.17,奥普科技,10.88,2.06,20260529
80,塑料制品,-4.11,1840.23,346.19,-35.07,8,70,18.81,肯特股份,47.46,10.24,20260529
30,多元金融,-0.79,766.29,67.38,-5.24,12,12,8.79,南华期货,22.0,6.49,20260529
39,家居用品,-1.25,899.93,127.71,-4.65,30,67,14.19,新天力,45.2,270.8,20260529
45,小家电,-1.56,164.93,37.45,-4.05,6,18,22.71,利仁科技,82.88,6.27,20260529
76,小金属,-3.92,1312.45,581.78,-50.54,4,25,44.33,厦门钨业,54.37,3.76,20260529
46,工业金属,-1.61,4199.62,493.88,-20.05,11,43,11.76,和胜股份,26.47,10.02,20260529
47,工程机械,-1.66,884.88,126.3,-1.44,9,25,14.27,徐工机械,9.75,5.75,20260529
36,建筑材料,-1.07,1991.11,310.71,-9.16,29,43,15.61,韩建河山,6.12,10.07,20260529
31,建筑装饰,-0.93,4727.76,351.18,-11.22,57,85,7.43,深水规院,20.19,10.45,20260529
14,影视院线,0.92,979.66,75.95,3.19,13,6,7.75,横店影视,22.92,6.41,20260529
17,房地产,0.58,5345.4,276.95,-19.56,45,38,5.18,福星股份,2.59,10.21,20260529
42,教育,-1.46,258.5,16.98,-1.9,3,11,6.57,*ST高科,14.75,4.68,20260529
23,文化传媒,-0.35,2842.43,364.32,3.75,33,52,12.82,荣信文化,33.69,13.36,20260529
11,旅游及酒店,1.2,573.45,48.03,2.91,27,8,8.38,大连圣亚,37.6,4.47,20260529
22,服装家纺,-0.35,957.42,80.69,-3.4,34,37,8.43,九牧王,12.06,10.04,20260529
7,机场航运,1.48,1353.81,70.92,5.54,11,1,5.24,吉祥航空,11.9,3.3,20260529
67,橡胶制品,-3.02,267.06,41.55,-8.21,2,20,15.56,确成股份,16.16,2.86,20260529
27,汽车整车,-0.58,1112.09,177.97,-8.8,10,12,16.0,中国重汽,21.49,4.02,20260529
52,汽车服务及其他,-2.11,235.27,40.61,-3.61,2,20,17.26,爱玛科技,21.55,5.02,20260529
70,汽车零部件,-3.25,3708.23,750.82,-81.81,29,236,20.25,华锋股份,18.49,9.99,20260529
29,油气开采及服务,-0.65,545.29,51.18,-4.46,5,13,9.38,*ST准油,8.85,4.98,20260529
73,消费电子,-3.78,3272.94,1367.26,-58.77,14,81,41.77,泓禧科技,18.2,17.72,20260529
19,港口航运,0.29,1575.5,112.29,1.83,20,15,7.13,中远海特,7.8,3.45,20260529
48,游戏,-1.75,711.55,113.38,-9.26,3,21,15.93,姚记科技,18.81,0.91,20260529
3,煤炭开采加工,2.38,1997.19,194.08,5.44,32,1,9.72,华电能源,10.13,9.99,20260529
37,燃气,-1.2,412.75,34.42,-2.94,9,17,8.34,ST金鸿,4.37,5.05,20260529
32,物流,-0.98,734.48,60.31,-2.5,15,34,8.21,建发股份,9.69,4.08,20260529
56,环保设备,-2.19,359.69,53.17,-5.98,4,24,14.78,盛剑科技,34.29,10.01,20260529
49,环境治理,-1.83,2151.71,180.59,-11.04,30,78,8.39,中兰环保,33.73,7.56,20260529
20,生物制品,0.05,734.95,133.98,2.91,34,18,18.23,三生国健,64.44,8.69,20260529
2,电力,2.4,15974.6,1314.34,69.9,83,24,8.23,珈伟新能,5.72,11.28,20260529
85,电子化学品,-5.58,1499.43,675.41,-37.62,5,36,45.04,龙辰科技,45.8,15.66,20260529
84,电机,-4.84,505.67,115.02,-17.98,3,23,22.75,凯中精密,18.2,2.94,20260529
62,电池,-2.71,2982.23,1225.2,-55.46,19,86,41.08,浙江恒威,35.88,15.37,20260529
51,电网设备,-2.06,3906.04,733.63,-39.3,34,105,18.78,泓淋电力,19.57,19.99,20260529
57,白色家电,-2.28,947.07,257.71,-13.2,10,34,27.21,奇精机械,17.07,6.96,20260529
1,白酒,3.52,416.94,272.51,27.66,18,1,65.36,酒鬼酒,45.74,10.01,20260529
55,石油加工贸易,-2.15,1009.61,84.14,-3.81,2,24,8.33,中国石化,4.85,0.83,20260529
25,种植业与林业,-0.47,625.47,43.72,-2.12,14,15,6.99,*ST景谷,24.45,4.98,20260529
41,纺织制造,-1.45,364.37,35.97,-2.28,11,22,9.87,百隆东方,7.44,3.05,20260529
33,综合,-1.0,548.64,93.47,-15.62,4,11,17.04,特力A,15.66,9.97,20260529
13,美容护理,1.06,249.5,49.78,2.36,20,13,19.95,锦波生物,165.3,7.14,20260529
50,能源金属,-1.97,379.77,203.87,-5.44,1,11,53.68,永杉锂业,17.91,4.49,20260529
75,自动化设备,-3.83,1444.81,828.92,-81.32,11,84,57.37,东杰智能,24.94,20.02,20260529
77,计算机设备,-3.98,1354.89,429.75,-50.84,5,78,31.72,雷神科技,24.1,11.47,20260529
16,证券,0.71,3475.7,424.15,12.21,36,12,12.2,中信建投,24.39,5.58,20260529
40,贵金属,-1.35,777.89,204.85,-28.01,2,11,26.33,兴业银锡,39.7,0.28,20260529
34,贸易,-1.01,331.66,24.62,-1.9,4,10,7.42,中成股份,13.31,10.0,20260529
60,轨交设备,-2.38,632.28,60.34,-6.49,4,24,9.54,祥和实业,10.43,3.68,20260529
74,软件开发,-3.79,1938.69,520.39,-60.52,8,129,26.84,汇金科技,20.92,3.77,20260529
78,通信服务,-4.0,1542.35,236.32,-24.28,3,40,15.32,*ST宇顺,42.95,5.01,20260529
65,通信设备,-2.96,3054.68,2636.08,-31.12,15,76,86.3,长进光子,720.5,17.86,20260529
81,通用设备,-4.3,4041.23,970.15,-94.29,21,229,24.01,*ST禾信,116.98,20.0,20260529
64,造纸,-2.77,524.29,36.03,-4.17,4,19,6.87,华旺科技,9.28,1.53,20260529
88,金属新材料,-6.16,611.34,169.53,-19.33,1,33,27.73,江南新材,137.46,0.23,20260529
24,钢铁,-0.38,2384.96,115.45,-8.56,21,22,4.84,新兴铸管,4.49,7.16,20260529
5,银行,1.6,4100.07,347.46,74.01,41,1,8.47,重庆银行,12.02,5.9,20260529
4,零售,2.36,3435.84,250.13,10.31,53,15,7.28,东百集团,10.08,10.04,20260529
63,非金属材料,-2.76,194.06,120.08,-3.85,2,12,61.88,联瑞新材,167.69,4.01,20260529
68,风电设备,-3.15,854.07,165.25,-18.62,3,29,19.35,常友科技,87.32,7.23,20260529
6,食品加工制造,1.56,1055.0,120.65,-0.57,49,14,11.44,一致魔芋,20.32,12.51,20260529
10,饮料制造,1.29,705.55,114.23,7.39,34,12,16.19,百润股份,19.74,6.93,20260529
71,黑色家电,-3.31,315.3,36.32,-6.36,0,9,11.52,*ST高斯,16.96,-0.94,20260529
7,IT服务,3.3,3295.69,578.48,23.63,113,15,17.55,软通动力,39.65,20.01,20260601
48,专用设备,1.2,2488.88,534.95,-6.28,142,54,21.49,达刚控股,9.58,20.05,20260601
43,中药,1.32,818.88,93.38,2.94,54,13,11.4,昆药集团,9.47,6.05,20260601
10,互联网电商,3.02,487.55,60.2,0.49,15,3,12.35,壹网壹创,35.66,16.27,20260601
80,保险,-0.43,215.53,78.55,-4.48,1,3,36.44,中国平安,53.85,0.65,20260601
88,元件,-2.85,2964.39,1910.96,1.5,18,44,64.46,中京电子,18.87,10.03,20260601
70,光伏设备,0.21,2149.53,546.97,-3.31,41,32,25.45,国晟科技,18.39,9.99,20260601
78,光学光电子,-0.43,8417.63,819.32,3.85,57,49,9.73,*ST清越,1.07,10.31,20260601
51,公路铁路运输,1.13,900.61,47.94,2.97,27,3,5.32,江西长运,6.3,3.96,20260601
83,其他电子,-0.95,961.53,315.94,-3.28,13,21,32.86,洁美科技,75.05,8.45,20260601
74,其他电源设备,-0.17,737.8,269.76,3.72,13,20,36.56,金时科技,19.4,9.98,20260601
47,其他社会服务,1.21,623.36,81.03,4.46,29,12,13.0,实朴检测,70.45,12.54,20260601
6,养殖业,3.34,743.01,65.27,7.98,34,2,8.78,晓鸣股份,21.02,17.82,20260601
81,军工电子,-0.6,979.52,295.43,-12.13,24,39,30.16,ST亚光,4.76,14.42,20260601
75,军工装备,-0.19,1243.85,398.08,-13.75,48,34,32.0,新兴装备,30.16,9.99,20260601
8,农产品加工,3.23,524.5,55.28,3.15,39,3,10.54,欧福蛋业,9.72,17.53,20260601
19,农化制品,2.31,1055.91,143.02,8.6,55,6,13.54,新安股份,13.26,10.04,20260601
39,包装印刷,1.57,589.82,71.49,3.47,35,9,12.12,柏星龙,19.8,6.28,20260601
30,化学制品,1.85,2302.28,472.47,7.06,134,41,20.52,赞宇科技,11.94,10.05,20260601
66,化学制药,0.4,1824.32,351.88,-10.65,110,46,19.29,海翔药业,6.07,9.96,20260601
15,化学原料,2.57,1248.34,135.24,4.4,53,5,10.83,新金路,18.32,10.03,20260601
42,化学纤维,1.36,1026.99,85.38,3.83,22,7,8.31,海利得,5.53,7.38,20260601
56,医疗器械,0.89,859.34,232.02,-0.27,103,31,27.0,五洲医疗,40.31,13.87,20260601
73,医疗服务,-0.06,762.66,170.39,-4.21,33,22,22.34,大东方,3.83,5.8,20260601
21,医药商业,2.25,444.82,42.07,2.59,28,3,9.46,漱玉平民,14.66,6.0,20260601
90,半导体,-3.92,4763.91,3997.23,-145.64,20,159,83.91,安路科技,46.17,12.61,20260601
13,厨卫电器,2.64,57.11,6.29,0.51,9,0,11.02,*ST帅电,16.7,5.03,20260601
59,塑料制品,0.82,1361.73,282.3,-4.7,50,28,20.73,仁信新材,13.12,14.79,20260601
49,多元金融,1.2,699.54,60.63,3.8,19,7,8.67,仁东控股,12.8,9.97,20260601
55,家居用品,0.97,912.43,119.06,3.44,81,16,13.05,天安新材,12.21,10.0,20260601
34,小家电,1.71,143.18,32.55,0.34,22,2,22.73,倍轻松,19.27,5.53,20260601
82,小金属,-0.79,1030.45,447.04,-21.35,11,18,43.38,长裕集团,59.62,10.0,20260601
58,工业金属,0.83,3246.11,398.31,-2.2,34,21,12.27,万顺新材,8.84,7.41,20260601
62,工程机械,0.69,665.77,102.13,4.08,25,11,15.34,山推股份,11.25,4.55,20260601
41,建筑材料,1.46,1975.01,315.77,-3.56,57,15,15.99,方大集团,3.81,10.12,20260601
35,建筑装饰,1.68,4308.39,321.93,-1.23,107,34,7.47,杭州园林,25.26,20.0,20260601
31,影视院线,1.83,1133.06,86.43,7.37,15,4,7.63,捷成股份,6.13,7.36,20260601
38,房地产,1.61,4296.64,213.92,-1.22,65,19,4.98,华丽家族,2.92,10.19,20260601
76,教育,-0.26,368.29,19.41,1.18,14,2,5.27,ST豆神,2.97,5.69,20260601
3,文化传媒,3.77,3186.06,432.62,46.29,81,3,13.58,视觉中国,22.65,10.01,20260601
26,旅游及酒店,2.09,498.75,38.72,3.84,35,0,7.76,张家界,7.98,6.26,20260601
12,服装家纺,2.64,996.98,85.48,4.21,62,12,8.57,歌力思,9.98,10.03,20260601
72,机场航运,0.09,1272.75,53.62,1.66,6,7,4.21,厦门空港,15.11,4.71,20260601
52,橡胶制品,1.1,205.29,28.98,0.06,13,9,14.12,黑猫股份,10.41,10.04,20260601
60,汽车整车,0.78,977.87,134.31,-10.65,18,5,13.73,曙光股份,3.37,4.33,20260601
17,汽车服务及其他,2.39,254.94,40.55,3.28,22,3,15.9,春风动力,236.31,5.5,20260601
57,汽车零部件,0.85,3137.19,630.83,-11.26,172,97,20.11,动力新科,7.99,10.05,20260601
9,油气开采及服务,3.05,584.31,55.11,3.3,18,1,9.43,首华燃气,20.8,12.07,20260601
40,消费电子,1.54,2846.39,1154.11,-39.76,57,38,40.55,慧为智能,24.73,29.95,20260601
23,港口航运,2.18,1840.01,135.11,10.97,30,6,7.34,宁波海运,3.81,10.12,20260601
16,游戏,2.48,906.51,139.24,12.4,21,3,15.36,宝通科技,24.51,5.15,20260601
1,煤炭开采加工,6.22,3382.68,329.49,28.69,33,1,9.74,大有能源,5.56,10.1,20260601
2,燃气,3.9,544.95,45.17,5.78,26,0,8.29,万憬能源,7.67,10.04,20260601
20,物流,2.31,755.44,61.39,6.5,44,6,8.13,*ST瑞茂,1.41,5.22,20260601
53,环保设备,1.03,317.17,46.97,1.03,18,11,14.81,清研环境,18.01,7.33,20260601
18,环境治理,2.31,2145.96,178.57,4.31,93,16,8.32,节能铁汉,1.93,19.88,20260601
77,生物制品,-0.39,655.19,127.07,-5.4,30,23,19.39,*ST康乐,3.92,5.38,20260601
44,电力,1.32,16436.5,1306.02,11.51,72,36,7.95,晋控电力,6.14,10.04,20260601
86,电子化学品,-2.06,1115.41,506.28,-0.03,12,30,45.39,嘉德利,85.36,6.17,20260601
68,电机,0.28,360.05,82.52,-1.77,12,14,22.92,神力股份,13.82,10.03,20260601
63,电池,0.61,2768.23,1032.51,-32.69,61,44,37.3,振华新材,16.24,12.31,20260601
54,电网设备,1.0,3242.79,651.54,15.98,97,41,20.09,泓淋电力,23.48,19.98,20260601
61,白色家电,0.69,772.23,206.15,-5.85,27,16,26.7,海达尔,69.06,6.57,20260601
89,白酒,-3.32,294.97,162.46,-9.92,8,12,55.08,古井贡酒,94.89,2.0,20260601
29,石油加工贸易,1.85,1028.98,84.53,1.73,23,4,8.21,万邦达,8.77,5.66,20260601
5,种植业与林业,3.44,643.45,46.16,3.84,29,1,7.17,新赛股份,4.99,9.91,20260601
32,纺织制造,1.73,337.79,31.63,2.04,24,8,9.37,华升股份,11.28,10.05,20260601
22,综合,2.24,543.16,95.95,9.02,13,3,17.66,南京公用,6.03,4.51,20260601
11,美容护理,2.67,226.37,49.11,3.78,27,6,21.69,锦盛新材,25.36,20.02,20260601
65,能源金属,0.48,384.91,200.12,-5.21,6,6,51.99,永杉锂业,18.93,5.7,20260601
85,自动化设备,-1.31,1156.73,702.22,-2.72,42,53,60.71,新时达,15.46,10.04,20260601
25,计算机设备,2.12,1278.52,399.61,-13.58,62,21,31.26,雷神科技,31.33,30.0,20260601
67,证券,0.34,2738.35,327.52,-12.75,35,14,11.96,国泰海通,15.87,3.19,20260601
71,贵金属,0.19,622.02,162.43,-3.14,7,5,26.11,山东黄金,29.41,1.87,20260601
14,贸易,2.58,288.19,22.95,-0.71,10,4,7.96,苏豪汇鸿,2.72,10.12,20260601
28,轨交设备,1.91,476.18,46.09,-0.75,27,3,9.68,必得科技,57.51,10.0,20260601
4,软件开发,3.56,2174.85,598.05,49.96,124,13,27.5,星环科技,135.25,15.72,20260601
37,通信服务,1.65,1244.23,189.62,-1.97,31,13,15.24,*ST元道,5.17,19.95,20260601
87,通信设备,-2.31,2318.71,2066.09,-35.34,39,51,89.11,广和通,23.28,9.04,20260601
69,通用设备,0.23,3445.44,743.63,-6.86,145,105,21.58,瑜欣电子,22.82,19.98,20260601
45,造纸,1.27,488.62,31.51,0.38,20,4,6.45,安妮股份,11.0,10.0,20260601
84,金属新材料,-1.11,395.36,118.11,-4.61,11,23,29.87,春光集团,77.31,3.7,20260601
46,钢铁,1.25,1977.82,92.93,5.22,36,8,4.7,武进不锈,6.89,5.35,20260601
36,银行,1.66,3993.13,309.85,47.27,39,3,7.76,厦门银行,7.45,4.63,20260601
24,零售,2.13,3597.41,232.77,9.32,60,9,6.47,赫美集团,3.28,10.07,20260601
79,非金属材料,-0.43,163.12,103.74,2.16,9,5,63.6,长江材料,20.78,4.84,20260601
64,风电设备,0.58,684.98,134.65,-1.44,19,13,19.66,泰胜风能,10.6,7.07,20260601
27,食品加工制造,1.99,1071.56,115.91,1.34,53,13,10.82,一致魔芋,22.5,10.73,20260601
33,饮料制造,1.72,691.61,111.67,5.65,40,6,16.15,东鹏饮料,152.3,6.92,20260601
50,黑色家电,1.16,235.21,27.07,0.39,7,1,11.51,四川九洲,12.92,3.69,20260601
43,IT服务,-1.13,3556.61,633.29,-7.14,29,97,17.81,ST浩丰,7.62,12.72,20260602
31,专用设备,-0.71,2543.26,545.39,3.55,52,143,21.45,利和兴,53.5,15.55,20260602
42,中药,-1.13,775.44,85.07,-7.48,15,52,10.97,粤万年青,27.73,3.09,20260602
87,互联网电商,-2.68,410.44,55.86,-2.9,1,17,13.61,焦点科技,28.48,0.67,20260602
38,保险,-0.91,239.52,84.76,-7.28,1,4,35.39,中国平安,54.08,0.43,20260602
1,元件,3.86,2690.07,1741.83,47.46,45,15,64.75,胜业电气,33.28,30.0,20260602
76,光伏设备,-1.95,2301.06,514.99,-17.48,9,64,22.38,赛伍技术,15.46,6.77,20260602
12,光学光电子,1.14,7580.92,749.85,8.84,62,42,9.89,美迪凯,26.76,20.0,20260602
40,公路铁路运输,-1.09,897.26,46.39,1.07,5,26,5.17,皖通高速,17.6,3.53,20260602
7,其他电子,1.99,1166.22,378.31,19.67,20,14,32.44,云汉芯城,211.7,20.0,20260602
13,其他电源设备,0.83,816.7,266.76,-13.0,14,18,32.66,麦格米特,147.95,10.0,20260602
50,其他社会服务,-1.23,477.02,59.8,-2.29,9,31,12.54,安邦护卫,48.65,9.99,20260602
84,养殖业,-2.4,731.92,66.0,-10.64,2,34,9.02,京基智农,13.96,1.23,20260602
18,军工电子,0.18,1078.16,336.1,8.94,20,41,31.17,宏明电子,181.6,14.0,20260602
41,军工装备,-1.11,1236.12,370.31,-4.73,17,64,29.96,迈信林,50.09,9.61,20260602
80,农产品加工,-2.21,475.13,45.99,-6.01,5,36,9.68,*ST广糖,5.94,2.77,20260602
62,农化制品,-1.38,1056.48,145.69,-5.16,8,52,13.79,宏达股份,14.85,4.87,20260602
47,包装印刷,-1.19,571.85,76.9,1.43,9,36,13.45,大胜达,17.89,10.03,20260602
61,化学制品,-1.37,2262.85,444.88,-13.9,38,135,19.66,中化国际,6.27,10.0,20260602
78,化学制药,-2.06,1675.66,291.57,-21.91,15,142,17.4,纳微科技,39.8,4.08,20260602
48,化学原料,-1.2,1120.17,131.43,-4.38,7,50,11.73,红星发展,38.84,10.0,20260602
29,化学纤维,-0.59,919.3,74.67,0.88,7,21,8.12,ST海龙,2.21,5.24,20260602
57,医疗器械,-1.32,770.5,207.78,-6.86,30,106,26.97,宝莱特,17.62,5.38,20260602
74,医疗服务,-1.85,735.9,142.0,-4.45,7,49,19.3,华康洁净,63.48,4.05,20260602
56,医药商业,-1.3,312.49,33.49,-4.04,5,27,10.72,ST海王,1.85,5.11,20260602
14,半导体,0.56,4120.75,3522.69,81.04,82,95,85.49,裕太微,217.0,17.91,20260602
63,厨卫电器,-1.45,58.38,5.96,-0.97,3,6,10.21,*ST帅电,17.15,2.69,20260602
22,塑料制品,-0.11,1408.54,290.61,1.1,33,46,20.63,天洋新材,7.77,10.06,20260602
51,多元金融,-1.25,672.49,59.6,-6.05,5,21,8.86,江苏金租,6.66,2.62,20260602
75,家居用品,-1.86,807.87,101.65,-7.28,23,76,12.58,恒林股份,33.7,7.36,20260602
66,小家电,-1.56,129.34,25.08,-0.5,4,21,19.39,富佳股份,16.44,2.75,20260602
3,小金属,2.81,1171.81,499.85,37.55,24,5,42.66,宜安科技,20.03,11.34,20260602
8,工业金属,1.96,3999.63,529.02,46.42,42,12,13.23,江西铜业,47.48,10.01,20260602
33,工程机械,-0.79,575.15,86.14,0.26,11,25,14.98,拓山重工,51.75,5.4,20260602
44,建筑材料,-1.14,2070.25,344.45,7.99,16,54,16.64,凯伦股份,24.38,12.04,20260602
59,建筑装饰,-1.35,4365.43,325.5,-18.44,31,108,7.46,华维设计,15.42,12.55,20260602
90,影视院线,-4.34,1001.72,78.65,-11.0,1,19,7.85,北京文化,5.3,2.52,20260602
71,房地产,-1.73,3729.41,184.82,-17.85,10,71,4.96,南山控股,2.62,10.08,20260602
82,教育,-2.32,315.21,17.49,-2.49,4,12,5.55,ST东时,3.74,3.03,20260602
88,文化传媒,-2.78,2770.29,365.22,-35.15,7,78,13.18,世纪天鸿,10.54,9.45,20260602
60,旅游及酒店,-1.37,441.69,36.76,-4.06,5,30,8.32,*ST云网,2.21,5.24,20260602
58,服装家纺,-1.32,904.17,81.17,-4.22,12,59,8.98,嘉欣丝绸,7.4,9.96,20260602
64,机场航运,-1.47,1121.61,52.87,-8.47,0,13,4.71,中信海直,15.67,-0.06,20260602
21,橡胶制品,0.04,227.8,31.58,-0.48,9,13,13.86,利通科技,24.98,14.85,20260602
17,汽车整车,0.21,1066.91,166.25,14.37,12,11,15.58,中国重汽,22.73,4.89,20260602
55,汽车服务及其他,-1.29,213.16,31.26,-1.63,4,21,14.66,隆鑫通用,13.55,4.88,20260602
26,汽车零部件,-0.43,3458.7,678.32,-16.09,90,176,19.61,云意电气,14.73,11.42,20260602
53,油气开采及服务,-1.27,580.96,56.9,-5.68,4,15,9.79,ST洲际,3.05,5.17,20260602
11,消费电子,1.17,3024.83,1198.41,76.64,52,43,39.62,英力股份,19.2,13.34,20260602
32,港口航运,-0.76,1548.13,113.05,-0.01,5,28,7.3,重庆港,5.34,6.38,20260602
89,游戏,-2.79,720.69,111.62,-15.67,0,24,15.49,*ST大晟,3.97,-0.5,20260602
27,煤炭开采加工,-0.47,3322.38,333.28,-1.09,11,20,10.03,大有能源,6.12,10.07,20260602
46,燃气,-1.18,508.07,38.95,-3.08,2,23,7.67,万憬能源,7.94,3.52,20260602
72,物流,-1.74,609.38,55.01,-5.5,6,43,9.03,*ST原尚,36.75,5.0,20260602
35,环保设备,-0.89,388.86,54.02,-1.26,7,21,13.89,恒合股份,12.95,6.58,20260602
34,环境治理,-0.87,2108.65,168.38,-1.51,28,80,7.99,节能铁汉,2.32,20.21,20260602
77,生物制品,-1.97,528.59,96.36,-6.08,7,46,18.23,*ST康乐,4.1,4.59,20260602
52,电力,-1.26,13988.6,1149.44,-18.95,25,81,8.22,韶能股份,8.99,10.04,20260602
9,电子化学品,1.8,1115.85,543.28,14.71,26,16,48.69,龙辰科技,44.8,19.43,20260602
15,电机,0.42,411.73,97.89,-4.68,14,12,23.78,康平科技,44.49,10.4,20260602
36,电池,-0.9,2586.18,962.82,10.22,30,74,37.23,正业科技,12.8,8.94,20260602
69,电网设备,-1.65,3428.67,625.92,-24.2,31,108,18.25,煜邦电力,8.8,10.69,20260602
30,白色家电,-0.6,703.19,176.62,-0.73,15,28,25.12,金海高科,34.1,10.0,20260602
68,白酒,-1.63,251.23,143.01,-17.8,2,18,56.92,退市岩石,0.61,10.91,20260602
45,石油加工贸易,-1.15,1086.53,84.41,-7.04,5,22,7.77,华锦股份,4.79,5.04,20260602
79,种植业与林业,-2.15,655.79,45.93,-4.48,1,29,7.0,*ST景谷,26.95,4.99,20260602
86,纺织制造,-2.63,359.81,33.22,-2.18,4,28,9.23,华利集团,35.17,1.0,20260602
25,综合,-0.29,519.21,80.7,-4.99,5,11,15.54,群兴玩具,6.23,10.07,20260602
85,美容护理,-2.6,209.98,38.64,-3.75,2,31,18.4,力合科创,9.0,1.12,20260602
23,能源金属,-0.19,355.53,200.19,8.81,6,6,56.31,博迁新材,190.64,6.63,20260602
10,自动化设备,1.46,1147.21,656.68,19.55,51,41,57.24,东杰智能,29.98,20.02,20260602
28,计算机设备,-0.5,1140.3,358.48,-9.58,25,57,31.44,雷神科技,37.29,19.02,20260602
24,证券,-0.22,2696.19,325.45,-1.68,15,35,12.07,中信建投,25.8,6.17,20260602
2,贵金属,3.02,924.97,255.3,27.2,13,0,27.6,兴业银锡,42.97,8.26,20260602
37,贸易,-0.9,332.0,23.39,-0.1,4,10,7.05,凯瑞德,8.0,3.9,20260602
70,轨交设备,-1.68,482.98,41.86,-5.69,3,25,8.67,永贵电器,17.84,1.42,20260602
54,软件开发,-1.27,1884.33,505.76,-27.2,29,108,26.84,科达自控,17.8,16.42,20260602
20,通信服务,0.12,1301.97,218.52,4.65,15,30,16.78,*ST元道,6.2,19.92,20260602
5,通信设备,2.62,2640.99,2327.9,219.04,55,35,88.14,阿莱德,44.88,20.0,20260602
19,通用设备,0.15,3616.95,763.75,-17.64,102,148,21.12,惠丰钻石,80.6,30.0,20260602
65,造纸,-1.49,603.82,39.47,-2.02,5,19,6.54,民士达,45.99,3.12,20260602
6,金属新材料,2.0,566.17,132.9,3.54,16,17,23.47,龙磁科技,195.9,14.7,20260602
49,钢铁,-1.2,2056.63,97.64,-13.39,4,39,4.75,友发集团,5.93,10.02,20260602
16,银行,0.25,3686.96,300.42,18.49,21,16,8.15,沪农商行,8.84,2.31,20260602
67,零售,-1.56,2820.85,181.53,-24.87,9,63,6.43,中央商场,3.87,9.94,20260602
4,非金属材料,2.69,157.92,89.57,3.69,9,4,56.72,天马新材,43.49,20.87,20260602
83,风电设备,-2.33,694.53,123.8,-6.2,2,30,17.82,时代新材,12.95,2.05,20260602
73,食品加工制造,-1.78,1039.41,114.81,-11.26,11,55,11.05,金字火腿,6.85,9.95,20260602
81,饮料制造,-2.22,598.0,89.56,-10.17,4,42,14.98,*ST尼雅,5.11,1.59,20260602
39,黑色家电,-0.91,241.11,29.61,-0.21,2,7,12.28,兆驰股份,11.83,5.16,20260602
54,IT服务,-0.96,3844.78,654.33,-29.93,29,99,17.02,华是科技,41.35,11.88,20260603
32,专用设备,-0.4,2432.31,559.18,-17.4,62,134,22.99,蓝科高新,8.54,10.05,20260603
67,中药,-1.25,750.97,73.38,-8.15,8,60,9.77,振东制药,5.44,7.94,20260603
66,互联网电商,-1.25,397.37,49.0,-0.98,5,14,12.33,行云科技,26.45,5.88,20260603
52,保险,-0.93,205.2,70.42,-7.02,0,5,34.32,新华保险,57.59,-0.21,20260603
12,元件,0.53,3076.46,1963.7,-29.95,28,34,63.83,晶赛科技,43.87,23.68,20260603
42,光伏设备,-0.61,2055.66,519.53,-8.76,21,52,25.27,横店东磁,27.5,7.17,20260603
6,光学光电子,1.14,10795.0,1084.85,-1.22,59,44,10.05,*ST清越,1.53,19.53,20260603
63,公路铁路运输,-1.21,788.28,41.24,-4.15,4,28,5.23,海汽集团,15.7,2.15,20260603
24,其他电子,-0.02,1162.79,398.38,-17.92,13,21,34.26,久之洋,39.54,20.0,20260603
22,其他电源设备,0.06,741.0,310.3,0.98,11,22,41.88,爱科赛博,79.09,11.57,20260603
20,其他社会服务,0.16,568.02,75.1,-3.39,15,24,13.22,联检科技,33.94,20.01,20260603
64,养殖业,-1.21,613.89,58.4,-1.74,6,29,9.51,京基智农,14.39,3.08,20260603
10,军工电子,0.81,1285.53,421.3,-11.16,36,26,32.77,火炬电子,63.93,9.08,20260603
17,军工装备,0.22,1354.34,422.62,-10.03,37,44,31.2,海特高新,11.98,10.01,20260603
81,农产品加工,-1.57,469.07,42.16,-4.04,5,37,8.99,欧福蛋业,9.84,6.72,20260603
30,农化制品,-0.29,1136.72,144.12,-2.99,21,39,12.68,新安股份,14.4,10.01,20260603
27,包装印刷,-0.25,618.39,82.8,-4.46,13,32,13.39,王子新材,16.18,9.99,20260603
40,化学制品,-0.55,2293.62,456.37,-18.59,62,110,19.9,东岳硅材,16.43,10.42,20260603
60,化学制药,-1.1,1561.69,275.69,-22.1,20,134,17.65,科源制药,44.67,11.87,20260603
25,化学原料,-0.16,1053.61,126.28,-8.34,17,39,11.99,三孚股份,47.38,10.01,20260603
8,化学纤维,0.97,1017.78,89.38,-3.66,16,13,8.78,中复神鹰,51.31,8.71,20260603
77,医疗器械,-1.45,772.6,202.46,-10.03,20,117,26.2,华兰股份,128.98,11.19,20260603
57,医疗服务,-1.0,756.62,142.56,-6.09,16,39,18.84,华康洁净,67.62,6.52,20260603
85,医药商业,-1.74,504.4,34.15,-5.64,1,30,6.77,鹭燕医药,11.87,0.08,20260603
4,半导体,2.34,5003.05,4478.15,42.47,141,38,89.51,源杰科技,1405.0,16.41,20260603
87,厨卫电器,-1.92,56.17,7.23,-1.14,1,8,12.87,浙江美大,7.36,1.52,20260603
31,塑料制品,-0.38,1490.58,332.2,-15.22,26,50,22.29,天洋新材,8.55,10.04,20260603
72,多元金融,-1.35,671.07,62.9,-5.59,3,23,9.37,鲁信创投,23.29,8.83,20260603
71,家居用品,-1.33,771.02,102.34,-5.15,19,79,13.27,*ST华鹏,7.73,5.03,20260603
34,小家电,-0.42,126.3,24.05,-2.59,5,18,19.04,德昌股份,16.26,10.01,20260603
3,小金属,2.46,1520.43,698.53,38.81,23,6,45.94,东方锆业,14.73,10.01,20260603
14,工业金属,0.42,4356.53,569.53,5.72,27,26,13.07,金田股份,13.58,7.78,20260603
70,工程机械,-1.3,590.1,87.49,-5.28,9,27,14.83,长龄液压,83.51,2.32,20260603
56,建筑材料,-0.99,2112.8,354.68,-25.33,14,57,16.79,中旗新材,54.89,10.0,20260603
46,建筑装饰,-0.82,4224.0,321.18,-26.15,38,105,7.6,园林股份,29.6,10.0,20260603
88,影视院线,-2.51,843.87,63.41,-2.43,2,16,7.51,横店影视,21.85,0.6,20260603
74,房地产,-1.41,3752.36,204.22,-19.0,16,70,5.44,京能置业,15.9,10.04,20260603
90,教育,-2.75,402.84,18.47,-1.8,3,13,4.58,*ST高科,14.79,1.44,20260603
86,文化传媒,-1.89,2472.41,317.15,-19.69,9,76,12.83,荣信文化,33.2,3.04,20260603
53,旅游及酒店,-0.94,394.66,35.19,-3.02,8,27,8.91,西域旅游,29.37,1.91,20260603
65,服装家纺,-1.24,918.65,78.91,-6.82,11,63,8.59,瑞贝卡,2.62,10.08,20260603
89,机场航运,-2.58,1114.42,54.61,-11.16,0,13,4.9,海南机场,3.11,-1.27,20260603
21,橡胶制品,0.08,231.33,33.57,1.03,9,13,14.51,阳谷华泰,12.2,6.18,20260603
47,汽车整车,-0.84,953.25,135.13,-17.78,5,18,14.18,福田汽车,3.09,3.0,20260603
26,汽车服务及其他,-0.19,235.08,35.3,-1.73,6,19,15.02,上海凤凰,10.73,10.05,20260603
38,汽车零部件,-0.52,3646.16,717.6,-39.74,73,195,19.68,欣锐科技,48.72,12.0,20260603
1,油气开采及服务,3.35,1351.13,95.62,1.68,16,3,7.08,科力股份,43.87,24.63,20260603
35,消费电子,-0.43,3483.13,1441.55,20.4,35,59,41.39,和林微纳,129.7,15.21,20260603
49,港口航运,-0.88,1656.3,122.16,-8.84,9,25,7.38,北部湾港,14.91,6.12,20260603
61,游戏,-1.2,676.96,99.0,-5.24,6,18,14.62,名臣健康,22.05,3.28,20260603
2,煤炭开采加工,3.01,3372.94,321.77,11.26,32,1,9.54,郑州煤电,5.69,10.06,20260603
37,燃气,-0.49,514.02,40.05,-2.34,8,17,7.79,凯添燃气,11.06,4.14,20260603
84,物流,-1.73,654.15,56.09,-6.88,4,46,8.57,*ST瑞茂,1.55,4.73,20260603
59,环保设备,-1.04,430.56,59.71,-1.41,9,20,13.87,复洁科技,29.18,4.07,20260603
33,环境治理,-0.41,2152.89,190.53,-11.2,34,77,8.85,节能铁汉,2.78,19.83,20260603
75,生物制品,-1.41,650.09,100.71,-7.19,7,47,15.49,四环生物,3.93,10.08,20260603
9,电力,0.9,14818.3,1242.26,-32.86,54,55,8.38,广西能源,6.35,10.05,20260603
15,电子化学品,0.39,1308.97,655.36,-16.92,22,20,50.07,华特气体,176.27,20.0,20260603
51,电机,-0.92,425.8,94.81,-10.32,8,18,22.27,康平科技,48.56,9.15,20260603
68,电池,-1.27,2403.56,923.06,-59.79,18,86,38.4,湘潭电化,16.65,9.97,20260603
55,电网设备,-0.97,3306.41,644.21,-29.78,33,103,19.48,华盛昌,122.39,9.16,20260603
41,白色家电,-0.56,673.37,171.48,-9.49,11,33,25.47,金海高科,37.51,10.0,20260603
50,白酒,-0.89,250.53,155.78,-7.2,5,15,62.18,退市岩石,0.63,3.28,20260603
13,石油加工贸易,0.49,986.75,76.66,-1.96,13,14,7.77,上海石化,3.07,10.04,20260603
16,种植业与林业,0.29,666.66,46.04,-1.7,17,12,6.91,*ST景谷,28.3,5.01,20260603
79,纺织制造,-1.54,283.67,28.26,-1.41,4,29,9.96,云中马,42.79,3.86,20260603
82,综合,-1.6,545.94,80.55,-3.38,3,13,14.75,综艺股份,6.07,1.0,20260603
76,美容护理,-1.42,214.67,37.01,-2.59,3,30,17.24,锦盛新材,27.76,8.35,20260603
18,能源金属,0.2,326.65,171.22,0.09,4,8,52.42,*ST威领,21.56,5.02,20260603
11,自动化设备,0.73,1423.41,887.88,2.52,48,47,62.38,协昌科技,45.88,19.73,20260603
29,计算机设备,-0.29,1227.5,407.59,-3.86,26,55,33.2,同有科技,54.81,17.59,20260603
48,证券,-0.86,2896.09,337.78,-2.92,9,38,11.66,华安证券,7.44,4.64,20260603
73,贵金属,-1.37,712.15,199.07,-5.08,1,12,27.95,恒邦股份,13.9,0.51,20260603
28,贸易,-0.29,349.23,24.86,-0.77,6,8,7.12,中成股份,13.86,2.14,20260603
39,轨交设备,-0.53,487.28,44.44,-2.87,9,21,9.12,工大高科,35.89,2.34,20260603
78,软件开发,-1.48,1872.27,538.62,-41.89,18,119,28.77,广立微,103.68,17.82,20260603
44,通信服务,-0.78,1464.5,228.05,-15.04,15,30,15.57,吴通控股,6.03,10.04,20260603
5,通信设备,1.95,3017.08,2938.23,110.33,56,33,97.39,美信科技,98.46,13.97,20260603
19,通用设备,0.17,3655.46,854.8,-13.35,112,135,23.38,惠丰钻石,94.5,17.25,20260603
45,造纸,-0.8,671.71,40.46,-1.36,4,20,6.02,青山纸业,4.07,10.0,20260603
7,金属新材料,1.11,454.87,138.1,-2.31,22,12,30.36,鑫科材料,4.39,10.03,20260603
43,钢铁,-0.67,2276.99,104.56,-4.39,9,32,4.59,方大炭素,5.48,10.04,20260603
58,银行,-1.02,3280.29,255.93,-21.28,1,41,7.8,重庆银行,12.01,1.61,20260603
62,零售,-1.21,3078.48,179.22,-10.51,14,58,5.82,天音控股,9.01,5.38,20260603
23,非金属材料,-0.0,179.13,105.01,-6.75,6,8,58.62,三祥新材,67.97,10.0,20260603
80,风电设备,-1.55,649.37,125.59,-4.77,6,26,19.34,飞沃科技,130.08,1.71,20260603
69,食品加工制造,-1.29,927.37,103.84,-11.47,13,52,11.2,元祖股份,11.96,10.03,20260603
83,饮料制造,-1.65,608.28,88.7,-5.25,6,40,14.58,贝因美,5.2,1.76,20260603
36,黑色家电,-0.47,370.95,45.09,0.8,4,5,12.15,兆驰股份,12.12,3.24,20260603
76,IT服务,-2.23,3112.45,504.88,-44.16,17,111,16.22,新炬网络,25.39,10.01,20260604
17,专用设备,-0.53,2376.6,558.32,-0.27,57,137,23.49,博盈特焊,51.97,20.0,20260604
50,中药,-1.51,645.52,63.57,-7.22,7,61,9.85,太龙药业,8.7,3.82,20260604
81,互联网电商,-2.3,336.84,39.61,-4.64,1,18,11.76,星徽股份,8.99,1.7,20260604
44,保险,-1.42,185.95,62.89,-8.11,0,5,33.82,中国平安,53.23,-0.88,20260604
2,元件,2.57,2883.94,1770.45,49.81,40,22,61.39,胜业电气,35.58,11.89,20260604
8,光伏设备,0.69,2212.28,534.25,-2.25,33,40,24.15,大全能源,22.46,19.98,20260604
7,光学光电子,0.85,9753.3,989.2,59.87,53,53,10.14,恒太照明,11.85,17.79,20260604
39,公路铁路运输,-1.29,655.93,34.44,-5.24,5,27,5.25,富临运业,10.58,3.62,20260604
3,其他电子,2.47,986.01,367.02,10.59,23,11,37.22,雅创电子,79.3,10.74,20260604
9,其他电源设备,0.42,747.27,264.45,-7.84,15,18,35.39,中国动力,39.81,10.0,20260604
51,其他社会服务,-1.57,500.15,65.26,-5.97,9,32,13.05,广东建科,17.52,2.52,20260604
83,养殖业,-2.37,732.12,67.24,-9.07,2,33,9.18,好当家,2.31,2.21,20260604
15,军工电子,-0.09,1032.15,365.72,-7.73,21,42,35.43,宏达电子,79.92,20.0,20260604
33,军工装备,-1.07,1227.21,366.17,-14.84,23,59,29.84,松发股份,138.89,5.46,20260604
86,农产品加工,-2.5,511.41,47.69,-6.67,5,37,9.33,华资实业,10.75,4.98,20260604
79,农化制品,-2.26,1213.23,163.47,-15.41,5,55,13.47,澄星股份,13.99,6.96,20260604
38,包装印刷,-1.25,611.62,93.94,0.49,5,40,15.36,新莱应材,60.7,11.99,20260604
28,化学制品,-1.01,2167.9,431.65,-23.91,44,130,19.91,侨源股份,61.53,12.9,20260604
61,化学制药,-1.8,1514.22,255.59,-16.69,17,139,16.88,华纳药厂,49.71,5.36,20260604
67,化学原料,-1.99,1271.14,181.27,-18.01,9,50,14.26,振华股份,38.45,10.01,20260604
47,化学纤维,-1.5,890.93,79.86,-4.51,10,19,8.96,皖维高新,7.47,4.77,20260604
54,医疗器械,-1.64,797.99,180.6,-9.97,23,115,22.63,力诺药包,54.54,20.0,20260604
42,医疗服务,-1.37,708.56,126.26,-4.93,7,48,17.82,华康洁净,72.68,7.48,20260604
64,医药商业,-1.84,372.69,30.49,-4.55,2,30,8.18,九州通,4.95,1.23,20260604
5,半导体,1.36,4228.5,3855.94,90.68,105,73,91.19,普冉股份,427.35,14.27,20260604
46,厨卫电器,-1.5,52.99,6.13,-0.71,2,7,11.56,浙江美大,7.45,1.22,20260604
10,塑料制品,0.19,1470.38,304.73,-6.93,32,47,20.73,新恒泰,19.7,16.57,20260604
57,多元金融,-1.73,671.34,59.82,-5.9,2,23,8.91,鲁信创投,24.14,3.65,20260604
36,家居用品,-1.22,710.81,92.94,-7.7,20,78,13.07,新天力,31.34,10.35,20260604
84,小家电,-2.42,141.68,28.69,0.54,1,24,20.25,德昌股份,16.57,1.91,20260604
27,小金属,-0.99,1254.72,561.49,2.15,10,19,44.75,中稀有色,93.78,6.3,20260604
89,工业金属,-3.82,4339.87,530.93,-85.76,5,51,12.23,和胜股份,27.45,10.02,20260604
23,工程机械,-0.84,566.53,80.11,-1.73,11,25,14.14,浙江鼎力,51.78,2.21,20260604
21,建筑材料,-0.81,2032.22,297.15,-7.34,18,51,14.62,*ST纳川,2.54,12.39,20260604
35,建筑装饰,-1.18,3697.24,275.34,-32.65,39,104,7.45,太极实业,16.36,10.02,20260604
43,影视院线,-1.37,877.34,62.84,-2.72,5,15,7.16,捷成股份,6.02,2.38,20260604
41,房地产,-1.36,3520.48,176.64,-12.44,18,69,5.02,万通发展,18.87,10.03,20260604
70,教育,-2.07,304.52,15.13,-1.53,2,14,4.97,*ST开元,3.26,3.82,20260604
71,文化传媒,-2.07,2109.27,251.08,-29.48,7,78,11.9,国旅联合,6.13,6.61,20260604
53,旅游及酒店,-1.59,380.97,32.07,-5.54,0,32,8.42,张家界,8.29,-0.12,20260604
52,服装家纺,-1.58,876.37,74.44,-7.93,8,65,8.49,瑞贝卡,2.88,9.92,20260604
24,机场航运,-0.86,820.48,40.95,-4.57,2,11,4.99,华夏航空,7.37,1.8,20260604
19,橡胶制品,-0.59,204.32,30.26,-1.03,7,15,14.81,科隆新材,23.88,3.69,20260604
80,汽车整车,-2.29,887.44,130.21,-18.04,1,22,14.67,众泰汽车,2.6,0.39,20260604
68,汽车服务及其他,-2.0,235.9,31.61,-2.29,4,21,13.4,征和工业,67.3,3.97,20260604
16,汽车零部件,-0.51,3286.02,695.45,-7.09,85,184,21.16,长源东谷,70.05,10.0,20260604
90,油气开采及服务,-3.98,937.74,69.73,-6.49,1,17,7.44,*ST新潮,5.7,1.24,20260604
18,消费电子,-0.54,2860.98,1088.89,-51.88,32,63,38.06,奕东电子,106.79,20.0,20260604
34,港口航运,-1.15,1451.53,104.72,-12.36,6,30,7.21,凤凰航运,4.18,10.0,20260604
55,游戏,-1.7,677.74,96.4,-3.83,2,22,14.22,完美世界,13.92,6.83,20260604
4,煤炭开采加工,2.18,3624.73,354.12,15.58,25,8,9.77,安泰集团,3.47,10.16,20260604
60,燃气,-1.8,397.86,33.16,-3.25,3,22,8.34,ST金鸿,4.36,3.81,20260604
65,物流,-1.85,636.51,51.65,-7.63,5,45,8.11,*ST瑞茂,1.63,5.16,20260604
22,环保设备,-0.84,302.47,42.36,-0.37,9,19,14.01,美埃科技,70.3,4.13,20260604
45,环境治理,-1.46,2419.7,191.32,-14.62,24,87,7.91,中持股份,12.32,10.0,20260604
66,生物制品,-1.92,601.1,91.74,-8.1,4,49,15.26,万泽股份,33.05,7.17,20260604
37,电力,-1.25,12243.1,1033.58,-80.71,27,81,8.44,艾能聚,13.32,10.45,20260604
1,电子化学品,5.63,1310.53,646.23,21.37,36,6,49.31,龙辰科技,57.21,29.99,20260604
12,电机,-0.03,354.26,81.13,-1.96,11,15,22.9,华新精科,43.65,6.23,20260604
78,电池,-2.24,2471.44,947.13,-49.92,14,91,38.32,新宙邦,78.3,10.2,20260604
74,电网设备,-2.19,3060.38,577.82,-39.22,18,121,18.88,特锐德,40.99,11.99,20260604
25,白色家电,-0.94,746.06,190.28,0.61,14,30,25.5,和晶科技,7.56,5.59,20260604
88,白酒,-3.05,210.51,114.04,-23.8,1,19,54.17,退市岩石,0.69,9.52,20260604
82,石油加工贸易,-2.34,903.95,66.05,-9.05,1,26,7.31,上海石化,3.38,10.1,20260604
63,种植业与林业,-1.84,669.6,46.87,-3.69,2,28,7.0,神农种业,5.23,1.95,20260604
29,纺织制造,-1.02,290.18,28.33,-1.26,6,26,9.76,南山智尚,13.37,9.5,20260604
62,综合,-1.81,442.69,64.97,-9.86,2,14,14.68,特力A,15.24,0.79,20260604
77,美容护理,-2.23,205.1,38.63,-3.61,3,30,18.84,珀莱雅,66.48,3.39,20260604
72,能源金属,-2.16,333.84,174.81,-4.44,1,11,52.36,*ST威领,22.64,5.01,20260604
14,自动化设备,-0.06,1270.72,736.09,-1.19,38,56,57.93,嘉晨智能,63.6,20.0,20260604
26,计算机设备,-0.98,1063.21,336.59,-9.53,22,59,31.66,朗科科技,67.43,13.02,20260604
58,证券,-1.75,2645.16,282.19,-23.89,2,48,10.67,兴业证券,5.85,1.39,20260604
87,贵金属,-2.53,621.92,168.03,-23.83,0,13,27.02,晓程科技,42.96,-1.17,20260604
13,贸易,-0.05,395.16,25.95,-0.17,5,9,6.57,凯瑞德,8.99,10.04,20260604
32,轨交设备,-1.05,507.64,46.3,-5.42,6,24,9.12,祥和实业,11.12,9.99,20260604
73,软件开发,-2.17,1763.3,460.79,-35.13,15,123,26.13,星环科技,152.32,20.0,20260604
59,通信服务,-1.77,1253.03,190.64,-10.51,7,37,15.21,首都在线,24.01,3.14,20260604
20,通信设备,-0.63,2632.22,2241.95,-35.45,29,61,85.17,鼎通科技,362.4,20.0,20260604
11,通用设备,0.02,3303.24,782.96,-0.9,94,155,23.7,山科智能,22.38,20.0,20260604
56,造纸,-1.72,721.23,40.14,-3.52,4,20,5.57,凯恩股份,7.57,3.98,20260604
6,金属新材料,0.85,1009.28,154.12,-6.69,14,20,15.27,昆工科技,22.12,10.82,20260604
49,钢铁,-1.51,1972.16,93.71,-12.26,6,37,4.75,盛德鑫泰,49.45,3.95,20260604
40,银行,-1.31,2833.32,221.24,-38.52,0,41,7.81,建设银行,10.03,-0.3,20260604
85,零售,-2.42,2934.37,168.69,-27.64,7,63,5.75,茂业商业,4.95,10.0,20260604
48,非金属材料,-1.5,170.09,100.3,-1.47,4,10,58.97,石英股份,66.38,4.08,20260604
30,风电设备,-1.04,718.27,133.22,-3.46,10,22,18.55,中环海陆,31.26,8.65,20260604
69,食品加工制造,-2.06,792.93,86.31,-8.68,10,55,10.88,ST西王,1.63,5.16,20260604
75,饮料制造,-2.21,625.89,77.09,-10.77,5,41,12.32,贝因美,5.72,10.0,20260604
31,黑色家电,-1.04,286.16,33.16,-2.68,2,7,11.59,高斯贝尔,16.48,6.32,20260604
45,IT服务,0.6,3445.43,569.58,-21.12,83,44,16.53,星图测控,63.29,14.76,20260605
16,专用设备,1.16,2741.05,611.03,-10.72,137,60,22.29,慈星股份,7.65,12.83,20260605
36,中药,0.78,681.99,72.19,-0.39,50,13,10.59,三力制药,17.0,7.39,20260605
74,互联网电商,-0.46,305.19,35.6,-1.73,6,12,11.67,凯淳股份,25.96,3.14,20260605
54,保险,0.43,321.03,110.5,-12.22,4,0,34.42,中国人寿,32.82,1.02,20260605
85,元件,-1.44,2936.99,1799.95,-103.71,18,44,61.29,麦捷科技,22.28,14.43,20260605
79,光伏设备,-0.76,2397.33,611.52,-7.89,28,44,25.51,安彩高科,7.19,9.94,20260605
13,光学光电子,1.2,12980.3,1300.78,30.68,64,39,10.02,雷曼光电,10.52,19.95,20260605
62,公路铁路运输,0.14,637.93,33.56,-0.56,19,10,5.26,龙江交通,3.19,3.24,20260605
82,其他电子,-1.09,1126.95,383.42,-20.75,15,19,34.02,可立克,26.01,3.21,20260605
87,其他电源设备,-1.8,763.77,257.57,-13.55,8,24,33.72,雷特科技,27.44,4.25,20260605
14,其他社会服务,1.19,546.59,77.78,-0.65,29,11,14.23,胜科纳米,42.18,11.35,20260605
71,养殖业,-0.35,608.42,50.74,-2.39,15,19,8.34,永顺生物,7.29,3.4,20260605
31,军工电子,0.91,1541.58,447.4,-3.55,42,20,29.02,霍莱沃,42.92,9.24,20260605
18,军工装备,1.14,1619.18,500.22,4.24,48,32,30.89,中天火箭,55.4,10.01,20260605
56,农产品加工,0.34,452.74,40.31,-1.87,25,16,8.9,祖名股份,21.81,6.81,20260605
52,农化制品,0.49,1234.2,170.65,-4.72,35,24,13.83,百傲化学,20.22,10.01,20260605
32,包装印刷,0.86,864.84,142.64,-0.02,35,9,16.49,永吉股份,10.18,7.84,20260605
30,化学制品,0.91,2433.7,490.77,0.46,117,55,20.17,宿迁联盛,9.55,10.02,20260605
61,化学制药,0.25,1697.27,316.36,-12.75,105,43,18.64,天宇股份,19.18,6.03,20260605
12,化学原料,1.3,1289.5,175.43,-8.01,46,9,13.6,金晶科技,5.24,10.08,20260605
8,化学纤维,1.68,1153.74,113.0,-3.16,22,6,9.79,皖维高新,8.22,10.04,20260605
42,医疗器械,0.69,832.27,203.27,-3.3,99,38,24.42,万孚生物,18.49,15.06,20260605
73,医疗服务,-0.44,671.06,140.51,-7.86,25,31,20.94,数字人,14.23,2.3,20260605
33,医药商业,0.84,405.86,31.61,-0.11,24,8,7.79,ST海王,1.77,4.73,20260605
89,半导体,-2.33,4446.63,3786.36,-283.87,40,139,85.15,汇成股份,22.5,11.5,20260605
24,厨卫电器,1.05,52.04,6.22,0.53,8,1,11.95,老板电器,16.7,3.41,20260605
21,塑料制品,1.09,1904.07,360.29,-13.58,55,24,18.92,津膜科技,9.01,19.97,20260605
78,多元金融,-0.75,690.81,59.34,-4.3,8,17,8.59,华金资本,12.98,5.1,20260605
22,家居用品,1.08,793.84,104.22,0.07,62,34,13.13,家联科技,24.25,19.99,20260605
35,小家电,0.78,149.69,33.6,0.95,15,10,22.45,爱仕达,10.62,6.09,20260605
80,小金属,-0.79,1351.13,586.13,-17.09,12,16,43.38,宜安科技,22.12,12.86,20260605
84,工业金属,-1.28,3621.86,433.59,-44.07,16,39,11.97,鑫铂股份,12.53,4.24,20260605
5,工程机械,2.53,748.39,110.34,4.68,30,5,14.74,万达轴承,65.8,13.02,20260605
17,建筑材料,1.15,2386.62,330.68,-8.74,53,20,13.86,耀皮玻璃,7.04,10.0,20260605
57,建筑装饰,0.34,4164.64,330.46,-10.93,83,56,7.93,亚翔集成,170.09,9.03,20260605
50,影视院线,0.57,902.41,66.44,0.35,13,7,7.36,横店影视,23.3,6.34,20260605
46,房地产,0.6,3732.44,209.13,-8.05,46,35,5.6,荣丰控股,20.59,9.99,20260605
38,教育,0.75,281.41,19.09,0.55,12,4,6.78,创业黑马,26.08,9.21,20260605
15,文化传媒,1.18,2235.89,279.88,-12.57,62,22,12.52,凡拓数创,49.17,10.84,20260605
29,旅游及酒店,0.91,434.2,36.66,-1.3,28,5,8.44,陕西旅游,95.07,3.7,20260605
49,服装家纺,0.57,904.23,75.03,-0.35,51,22,8.3,天创时尚,20.69,5.29,20260605
47,机场航运,0.58,1035.93,42.97,-2.73,9,4,4.15,厦门空港,15.14,3.98,20260605
27,橡胶制品,0.98,245.67,38.77,1.03,14,7,15.78,阳谷华泰,13.21,6.36,20260605
64,汽车整车,0.02,964.62,130.17,-8.74,11,10,13.49,曙光股份,3.47,10.16,20260605
41,汽车服务及其他,0.72,250.51,34.43,0.06,19,6,13.74,爱玛科技,21.56,4.0,20260605
25,汽车零部件,1.01,3809.51,799.38,-7.66,179,85,20.98,易实精密,17.08,16.99,20260605
75,油气开采及服务,-0.49,834.85,60.76,-2.62,2,14,7.28,贝肯能源,9.31,1.42,20260605
59,消费电子,0.31,3682.16,1291.67,-8.16,59,36,35.08,达瑞电子,66.87,9.09,20260605
34,港口航运,0.82,1563.91,113.56,4.14,24,8,7.26,凤凰航运,4.6,10.05,20260605
4,游戏,2.69,848.47,125.16,3.51,20,4,14.75,中青宝,13.03,19.98,20260605
86,煤炭开采加工,-1.45,3246.27,294.69,-15.56,9,24,9.08,大有能源,8.14,10.0,20260605
81,燃气,-0.99,409.46,35.13,-3.59,6,17,8.58,九丰能源,37.56,2.01,20260605
26,物流,0.99,604.87,51.37,1.36,35,13,8.49,海晨股份,22.36,7.04,20260605
51,环保设备,0.52,359.11,46.27,-1.29,17,12,12.89,*ST仕净,13.48,5.81,20260605
58,环境治理,0.31,2368.13,199.16,-7.23,64,44,8.41,华控赛格,3.56,9.88,20260605
60,生物制品,0.27,529.33,90.03,-4.07,29,22,17.01,欧林生物,34.29,11.33,20260605
90,电力,-4.22,12443.1,1012.41,-158.93,10,99,8.14,亨通股份,6.94,3.43,20260605
76,电子化学品,-0.7,1436.43,718.87,5.7,18,24,50.05,江化微,41.56,10.01,20260605
1,电机,3.12,525.67,126.6,8.39,21,5,24.08,华瑞股份,40.3,20.01,20260605
66,电池,0.0,2468.03,873.52,-23.14,55,49,35.39,贝特瑞,27.58,6.0,20260605
65,电网设备,0.01,3174.9,610.1,-23.02,63,73,19.22,球冠电缆,7.18,13.07,20260605
10,白色家电,1.4,877.51,231.96,-5.19,32,13,26.43,三星新材,15.51,10.0,20260605
70,白酒,-0.12,195.35,112.73,-5.58,10,9,57.71,酒鬼酒,44.51,2.75,20260605
23,石油加工贸易,1.06,1644.15,98.7,1.44,20,6,6.0,荣盛石化,11.43,3.91,20260605
69,种植业与林业,-0.08,597.17,41.08,-1.78,13,16,6.88,润农节水,5.2,7.22,20260605
43,纺织制造,0.69,278.78,24.94,0.14,22,10,8.95,夜光明,15.04,4.08,20260605
37,综合,0.76,555.64,69.28,1.42,11,5,12.47,亚泰集团,1.65,10.0,20260605
48,美容护理,0.57,204.66,37.41,-0.78,26,5,18.28,芭薇股份,11.08,3.75,20260605
68,能源金属,-0.07,413.02,208.0,-3.63,5,7,50.36,永杉锂业,17.28,5.82,20260605
3,自动化设备,2.76,1691.51,944.1,-1.69,72,24,55.81,新睿电子,226.88,800.67,20260605
44,计算机设备,0.61,1195.0,395.2,-16.66,52,31,33.07,雷神科技,35.41,10.93,20260605
77,证券,-0.72,2434.26,278.86,-19.82,12,36,11.46,财达证券,6.87,3.15,20260605
88,贵金属,-1.9,692.69,182.33,-24.78,1,12,26.32,招金黄金,14.2,1.43,20260605
40,贸易,0.72,458.6,32.21,1.03,9,5,7.02,怡亚通,7.01,10.05,20260605
9,轨交设备,1.67,545.76,51.78,1.84,23,7,9.49,工大高科,37.39,12.52,20260605
53,软件开发,0.46,1766.5,455.91,-7.87,86,50,25.81,索辰科技,191.45,13.24,20260605
72,通信服务,-0.43,1386.74,200.04,-3.71,19,26,14.43,广脉科技,17.79,5.89,20260605
20,通信设备,1.12,3635.67,3204.66,-24.03,60,31,88.14,东土科技,21.94,20.02,20260605
6,通用设备,2.17,4252.05,951.86,-13.24,188,62,22.39,丰光精密,19.65,29.96,20260605
28,造纸,0.94,602.99,40.31,-1.08,15,8,6.68,民士达,49.96,10.29,20260605
2,金属新材料,2.76,1133.63,219.9,10.99,28,6,19.4,天力复合,69.9,22.98,20260605
55,钢铁,0.38,2057.09,102.31,-2.61,21,18,4.97,方大炭素,5.83,10.0,20260605
19,银行,1.13,3324.4,256.85,25.76,41,1,7.73,中国银行,6.05,2.54,20260605
11,零售,1.36,3085.09,192.62,-14.59,54,16,6.24,中百集团,5.7,10.04,20260605
7,非金属材料,1.69,190.42,100.34,0.3,8,6,52.7,东方碳素,11.98,20.52,20260605
83,风电设备,-1.23,742.16,141.42,-7.66,7,25,19.05,飞沃科技,129.99,2.73,20260605
39,食品加工制造,0.74,981.33,102.02,1.7,49,17,10.4,莲花控股,10.13,6.97,20260605
67,饮料制造,-0.0,640.37,83.59,-3.53,31,15,13.05,惠泉啤酒,12.59,2.36,20260605
63,黑色家电,0.14,322.04,37.64,-0.45,5,4,11.69,九联科技,11.9,4.66,20260605
17,IT服务,-1.66,3118.49,501.92,-14.29,32,97,16.09,格灵深瞳,17.44,20.03,20260608
39,专用设备,-2.3,2726.02,565.0,-12.78,39,158,20.73,长江能科,10.81,11.67,20260608
35,中药,-2.15,864.5,80.12,-9.06,6,61,9.27,ST万邦,13.92,4.9,20260608
60,互联网电商,-3.13,322.81,39.0,-2.96,1,18,12.08,狮头股份,15.4,10.0,20260608
5,保险,-0.28,244.34,83.97,-1.56,2,3,34.37,中国人寿,33.0,0.55,20260608
62,元件,-3.17,2618.6,1672.75,30.19,13,49,63.88,金安国纪,63.98,10.01,20260608
79,光伏设备,-4.02,2299.62,504.04,-21.47,7,65,21.92,国晟科技,18.95,9.98,20260608
74,光学光电子,-3.48,10914.1,1150.27,-46.35,14,91,10.54,奥比中光,144.17,14.37,20260608
34,公路铁路运输,-2.13,772.73,38.81,-7.79,3,28,5.02,皖通高速,16.17,1.83,20260608
89,其他电子,-6.78,979.75,326.92,-13.56,0,34,33.37,汉朔科技,41.98,-2.28,20260608
58,其他电源设备,-3.11,816.46,247.97,-5.91,4,29,30.37,易事特,5.94,20.0,20260608
25,其他社会服务,-1.94,598.99,72.22,-5.49,10,31,12.06,北辰实业,2.22,9.9,20260608
7,养殖业,-0.9,717.64,64.1,-4.6,10,26,8.93,湘佳股份,13.48,10.04,20260608
80,军工电子,-4.03,1415.38,391.9,-34.1,5,58,27.69,华如科技,30.12,20.0,20260608
59,军工装备,-3.12,1616.12,476.64,-31.87,12,71,29.49,中天火箭,60.94,10.0,20260608
24,农产品加工,-1.9,495.2,42.96,-3.56,7,35,8.68,欧福蛋业,9.72,6.11,20260608
69,农化制品,-3.29,1382.39,170.82,-10.43,5,56,12.36,ST司特,6.06,1.68,20260608
13,包装印刷,-1.53,742.51,103.61,1.68,13,32,13.96,顺灏股份,16.12,5.08,20260608
67,化学制品,-3.26,2475.67,503.18,-35.27,25,151,20.32,彩客科技,81.87,170.38,20260608
44,化学制药,-2.49,1738.98,280.75,-21.12,17,141,16.14,灵康药业,4.48,10.07,20260608
52,化学原料,-2.85,1470.62,189.75,-14.92,8,51,12.9,红星发展,52.83,6.73,20260608
61,化学纤维,-3.15,1010.91,93.57,-9.94,4,25,9.26,泰和新材,17.08,9.98,20260608
47,医疗器械,-2.67,839.95,200.27,-10.19,17,122,23.84,海圣医疗,24.05,7.46,20260608
72,医疗服务,-3.31,747.28,144.01,-7.43,2,54,19.27,百花医药,7.79,10.03,20260608
42,医药商业,-2.4,429.16,34.94,-2.54,3,29,8.14,益丰药房,20.49,2.96,20260608
86,半导体,-5.13,3837.84,3144.7,-21.17,7,171,81.94,赛微微电,141.3,13.28,20260608
46,厨卫电器,-2.67,50.34,5.28,-0.68,0,9,10.49,火星人,8.77,-1.57,20260608
57,塑料制品,-3.06,1759.79,335.42,-22.4,12,67,19.06,津膜科技,9.94,10.32,20260608
68,多元金融,-3.26,703.85,53.22,-5.09,0,26,7.56,香溢融通,7.84,-0.63,20260608
43,家居用品,-2.41,819.76,102.32,-4.63,17,82,12.48,浙江正特,31.12,10.0,20260608
9,小家电,-1.15,144.18,35.12,0.98,5,18,24.36,科沃斯,61.29,4.02,20260608
85,小金属,-4.99,1225.66,508.82,-20.5,2,27,41.51,章源钨业,30.1,1.38,20260608
87,工业金属,-5.47,3905.08,445.61,-31.33,2,54,11.41,楚江新材,13.24,3.04,20260608
1,工程机械,1.04,1105.35,163.77,5.04,19,17,14.82,万通液压,34.1,21.57,20260608
37,建筑材料,-2.2,2444.37,295.18,-12.64,18,55,12.08,韩建河山,6.63,9.95,20260608
48,建筑装饰,-2.76,4036.1,286.95,-39.17,24,120,7.11,亚翔集成,187.1,10.0,20260608
65,影视院线,-3.23,1050.72,74.71,-3.39,3,17,7.11,捷成股份,6.4,2.89,20260608
27,房地产,-1.94,4025.94,192.59,-19.13,11,75,4.78,盈新发展,3.17,10.07,20260608
40,教育,-2.32,302.69,16.88,-0.69,1,14,5.58,行动教育,56.72,4.36,20260608
11,文化传媒,-1.44,2207.37,274.9,-24.05,14,70,12.45,凡拓数创,59.0,19.99,20260608
29,旅游及酒店,-2.02,467.11,38.37,-5.13,2,33,8.21,西藏旅游,16.17,7.87,20260608
30,服装家纺,-2.05,980.24,81.23,-3.6,10,64,8.29,太平鸟,14.06,10.02,20260608
63,机场航运,-3.2,1286.45,57.71,-12.03,1,12,4.49,中信海直,16.03,5.46,20260608
56,橡胶制品,-3.04,225.54,32.87,-2.95,4,18,14.57,悦龙科技,27.22,3.34,20260608
18,汽车整车,-1.68,1084.29,143.11,-8.68,3,20,13.2,中国重汽,23.26,4.96,20260608
10,汽车服务及其他,-1.24,284.51,40.95,-0.02,8,17,14.39,绿通科技,50.81,5.99,20260608
22,汽车零部件,-1.76,3642.04,763.13,-10.96,66,203,20.95,贝斯特,25.65,9.38,20260608
2,油气开采及服务,0.94,1032.49,93.05,1.12,10,8,9.01,科力股份,43.85,14.28,20260608
84,消费电子,-4.47,2783.89,987.13,-34.21,11,84,35.46,科森科技,23.99,4.17,20260608
55,港口航运,-2.98,1759.63,115.23,-10.33,3,33,6.55,凤凰航运,4.76,3.48,20260608
31,游戏,-2.09,822.75,116.69,-6.89,3,21,14.18,完美世界,14.3,2.44,20260608
16,煤炭开采加工,-1.64,2877.13,276.75,1.14,7,27,9.62,大有能源,8.95,9.95,20260608
14,燃气,-1.53,454.75,35.52,-2.28,5,21,7.81,万憬能源,8.64,8.27,20260608
33,物流,-2.12,656.42,52.22,-4.23,4,46,7.96,三羊马,56.86,10.0,20260608
15,环保设备,-1.6,349.08,45.23,-2.97,4,24,12.96,龙源技术,7.18,20.07,20260608
64,环境治理,-3.23,2661.46,197.64,-7.64,17,94,7.43,节能铁汉,3.02,19.84,20260608
54,生物制品,-2.98,531.89,87.21,-4.92,4,50,16.39,特宝生物,57.35,4.29,20260608
81,电力,-4.07,9877.4,774.8,-72.8,11,98,7.84,西昌电力,14.92,10.03,20260608
71,电子化学品,-3.29,1281.73,632.79,0.6,7,35,49.37,中巨芯,19.19,20.01,20260608
19,电机,-1.69,479.62,116.92,-2.25,9,16,24.38,三协电机,51.23,3.79,20260608
70,电池,-3.29,2388.86,836.86,-4.53,17,88,35.03,珠海冠宇,17.38,12.86,20260608
77,电网设备,-3.89,3180.49,575.03,-30.85,17,121,18.08,福达合金,90.0,7.9,20260608
50,白色家电,-2.79,825.69,216.08,-6.23,8,37,26.17,合肥高科,11.36,3.46,20260608
28,白酒,-1.99,196.76,115.88,-11.75,1,19,58.9,退市岩石,0.72,5.88,20260608
76,石油加工贸易,-3.69,1524.08,100.34,-0.83,3,24,6.58,中国石油,10.95,3.21,20260608
32,种植业与林业,-2.09,699.93,47.13,-2.41,3,27,6.73,康农种业,21.2,2.42,20260608
36,纺织制造,-2.15,285.02,25.96,-2.27,3,30,9.11,兴业科技,15.79,7.12,20260608
73,综合,-3.33,611.36,74.23,-11.39,1,15,12.14,亚泰集团,1.66,0.61,20260608
51,美容护理,-2.81,222.71,38.8,-3.08,3,30,17.42,珀莱雅,66.53,1.14,20260608
78,能源金属,-3.96,361.6,187.54,-5.01,1,11,51.86,远航精密,22.11,1.0,20260608
6,自动化设备,-0.52,1601.49,901.44,5.28,34,62,56.29,巨能股份,22.75,30.0,20260608
45,计算机设备,-2.53,1248.58,379.81,-18.99,14,69,30.42,维宏股份,50.4,12.38,20260608
23,证券,-1.89,2838.61,324.59,-12.24,4,46,11.44,国盛证券,11.36,2.99,20260608
88,贵金属,-6.45,986.56,244.95,-5.68,0,13,24.83,恒邦股份,12.6,-4.98,20260608
90,贸易,-10.0,519.43,30.71,-3.87,0,15,5.91,江苏国泰,7.91,-1.0,20260608
41,轨交设备,-2.35,515.16,48.9,-8.26,4,26,9.49,祥和实业,13.45,9.98,20260608
8,软件开发,-1.15,1851.87,446.66,-17.81,31,106,24.12,中望软件,66.71,20.0,20260608
49,通信服务,-2.77,1424.01,195.17,-3.05,7,38,13.71,*ST元道,6.06,12.02,20260608
82,通信设备,-4.1,3313.07,2545.82,-22.27,14,77,76.84,中天科技,49.53,7.51,20260608
12,通用设备,-1.44,4376.24,977.39,-21.77,79,170,22.33,丰光精密,25.54,29.98,20260608
21,造纸,-1.76,552.79,38.62,-4.14,3,21,6.99,民士达,59.01,18.11,20260608
66,金属新材料,-3.24,994.51,197.4,-6.59,6,28,19.85,悦安新材,40.48,14.87,20260608
53,钢铁,-2.91,2655.63,120.5,-14.1,5,39,4.54,*ST八钢,2.72,5.02,20260608
3,银行,0.42,4112.28,314.23,26.92,22,17,7.64,中信银行,7.69,4.34,20260608
20,零售,-1.7,3250.36,197.99,-15.35,9,62,6.09,居然智家,2.72,10.12,20260608
4,非金属材料,-0.28,181.22,91.49,-1.8,6,7,50.48,粤桂股份,23.68,9.99,20260608
83,风电设备,-4.33,766.26,136.05,-8.75,2,30,17.75,振宏股份,49.78,5.36,20260608
26,食品加工制造,-1.94,952.09,105.03,-3.61,13,53,11.03,莲花控股,10.49,3.55,20260608
38,饮料制造,-2.28,647.26,80.24,-6.21,5,41,12.4,安德利,57.14,5.58,20260608
75,黑色家电,-3.51,314.39,35.93,-2.4,1,8,11.43,海信视像,25.8,1.38,20260608
20,IT服务,1.73,3373.85,548.22,3.48,94,34,16.25,格灵深瞳,20.93,20.01,20260609
41,专用设备,0.87,2645.19,559.13,13.91,112,78,21.14,金盾股份,10.0,20.05,20260609
72,中药,-0.2,674.66,62.44,-2.4,21,44,9.26,维康药业,31.57,15.81,20260609
18,互联网电商,1.98,296.14,35.8,-0.15,13,5,12.09,华凯易佰,12.67,13.84,20260609
38,保险,0.92,204.03,70.61,1.42,5,0,34.61,中国人保,6.61,1.23,20260609
3,元件,5.5,2585.73,1680.38,59.45,57,5,64.99,南亚新材,295.0,16.35,20260609
12,光伏设备,2.5,2315.23,477.44,3.16,58,15,20.62,高测股份,12.07,16.17,20260609
14,光学光电子,2.29,9485.95,1012.69,43.58,80,22,10.68,视涯科技,50.71,10.24,20260609
52,公路铁路运输,0.48,589.58,30.63,2.93,16,15,5.2,大众交通,4.48,10.07,20260609
4,其他电子,5.22,1030.55,354.58,9.06,32,2,34.41,民德电子,34.88,19.99,20260609
7,其他电源设备,3.59,845.66,292.43,9.25,29,5,34.58,高特电子,51.3,624.58,20260609
48,其他社会服务,0.6,608.47,64.87,-1.53,25,13,10.66,中钢天源,10.74,10.04,20260609
74,养殖业,-0.24,584.35,51.49,-1.94,15,20,8.81,京基智农,16.21,9.97,20260609
17,军工电子,2.02,1102.45,340.13,-1.07,52,9,30.85,科思科技,50.4,19.15,20260609
61,军工装备,0.31,1250.18,389.39,-5.84,42,38,31.15,菲利华,121.33,7.96,20260609
80,农产品加工,-0.72,409.26,33.68,-2.24,8,30,8.23,粤海饲料,7.59,7.51,20260609
62,农化制品,0.27,1173.29,149.1,-0.97,33,26,12.71,新安股份,14.94,10.02,20260609
47,包装印刷,0.62,754.12,118.03,3.49,23,18,15.65,新莱应材,73.9,20.01,20260609
19,化学制品,1.98,2305.7,493.18,-13.5,125,47,21.39,呈和科技,82.82,13.45,20260609
53,化学制药,0.45,1544.62,250.49,0.21,92,59,16.22,仟源医药,10.1,10.99,20260609
45,化学原料,0.7,1315.1,177.32,-0.86,34,24,13.48,凯盛新材,21.49,9.47,20260609
24,化学纤维,1.52,987.43,101.14,3.97,19,10,10.24,同益中,18.18,10.79,20260609
54,医疗器械,0.38,713.42,178.53,-6.15,65,70,25.02,万孚生物,20.45,15.54,20260609
33,医疗服务,1.04,678.27,160.49,3.99,38,13,23.66,华康洁净,68.79,6.9,20260609
73,医药商业,-0.2,326.57,27.35,-1.23,19,13,8.38,开开实业,11.25,2.18,20260609
2,半导体,6.38,3862.51,3207.42,119.11,173,6,83.04,沪硅产业,31.73,20.01,20260609
58,厨卫电器,0.33,52.35,5.46,-0.3,4,5,10.43,火星人,9.21,5.02,20260609
6,塑料制品,3.8,1781.95,352.36,-9.91,66,12,19.77,银禧科技,16.93,19.99,20260609
55,多元金融,0.37,549.59,42.47,-0.46,12,12,7.73,仁东控股,12.39,6.44,20260609
75,家居用品,-0.26,745.23,89.57,-4.17,40,56,12.02,先锋新材,6.94,7.76,20260609
76,小家电,-0.3,111.25,23.34,-2.53,10,14,20.98,德尔玛,8.73,3.81,20260609
10,小金属,2.71,1198.68,496.53,30.74,24,5,41.42,国城矿业,42.1,9.24,20260609
31,工业金属,1.2,3169.35,368.04,-4.74,39,14,11.61,鼎胜新材,24.9,5.73,20260609
70,工程机械,-0.04,725.51,108.46,-1.27,19,16,14.95,唯万密封,31.1,4.5,20260609
25,建筑材料,1.42,2320.97,332.76,8.67,43,29,14.34,国际复材,25.36,15.38,20260609
57,建筑装饰,0.35,3230.77,234.35,-17.65,68,68,7.25,金埔园林,9.38,14.95,20260609
56,影视院线,0.35,896.69,63.09,-2.12,10,8,7.04,横店影视,22.8,5.6,20260609
84,房地产,-0.89,4099.96,191.84,-9.25,23,60,4.68,深深房A,24.54,10.0,20260609
66,教育,0.02,255.51,15.02,-0.22,10,5,5.88,创业黑马,26.88,4.07,20260609
34,文化传媒,1.04,2368.77,289.65,-12.17,60,21,12.23,视觉中国,24.75,10.0,20260609
85,旅游及酒店,-0.94,395.6,31.31,-3.32,7,28,7.92,*ST云网,2.17,1.88,20260609
69,服装家纺,-0.03,833.86,66.81,-2.68,32,37,8.01,迪阿股份,25.13,8.55,20260609
22,机场航运,1.62,899.31,40.81,0.19,12,1,4.54,吉祥航空,10.53,3.13,20260609
15,橡胶制品,2.25,193.63,33.31,2.89,18,4,17.2,利通科技,24.16,8.29,20260609
68,汽车整车,0.01,889.14,110.56,-3.04,10,12,12.44,安凯客车,3.84,3.78,20260609
59,汽车服务及其他,0.32,232.75,35.19,-1.67,11,13,15.12,绿通科技,55.43,9.09,20260609
46,汽车零部件,0.68,3184.05,652.35,-20.29,148,118,20.49,富特科技,46.24,12.42,20260609
90,油气开采及服务,-4.2,997.12,84.69,-10.8,1,18,8.49,惠博普,3.16,0.64,20260609
16,消费电子,2.17,2398.3,898.82,22.69,66,25,37.48,雅葆轩,24.41,29.98,20260609
83,港口航运,-0.85,1329.75,88.47,-4.9,12,22,6.65,中远海特,7.7,2.94,20260609
40,游戏,0.88,712.06,102.67,-5.82,19,4,14.42,浙数文化,11.84,5.06,20260609
89,煤炭开采加工,-2.75,2644.52,241.52,-6.05,6,28,9.13,新大洲A,5.73,9.98,20260609
78,燃气,-0.66,368.21,31.6,-1.53,4,22,8.58,贵州燃气,9.14,9.99,20260609
65,物流,0.2,549.81,48.73,-4.84,23,26,8.86,普路通,8.47,10.0,20260609
37,环保设备,0.94,358.65,46.95,-2.77,18,11,13.09,美埃科技,73.88,11.58,20260609
43,环境治理,0.84,2036.54,169.17,-2.11,55,54,8.31,京源环保,14.58,17.3,20260609
64,生物制品,0.25,436.07,74.01,-2.9,33,20,16.97,荣昌生物,102.41,5.07,20260609
42,电力,0.86,8849.19,705.27,-1.96,66,41,7.97,亨通股份,7.43,10.07,20260609
1,电子化学品,7.05,1461.26,684.25,48.22,40,2,46.83,同宇新材,276.67,20.0,20260609
82,电机,-0.8,391.02,91.09,-6.79,7,18,23.3,佳电股份,12.38,4.56,20260609
9,电池,3.01,2254.9,847.85,34.47,92,12,37.6,浙江恒威,36.43,19.99,20260609
44,电网设备,0.76,2601.44,480.63,-5.22,96,41,18.48,远东股份,29.62,7.91,20260609
32,白色家电,1.17,673.22,175.93,-6.81,27,18,26.13,顺威股份,5.82,10.02,20260609
88,白酒,-2.45,171.02,97.48,-9.96,0,20,57.0,泸州老窖,84.45,-0.13,20260609
81,石油加工贸易,-0.72,1179.76,79.39,-10.1,9,18,6.73,岳阳兴长,14.24,4.71,20260609
79,种植业与林业,-0.71,616.71,41.53,-2.51,7,22,6.74,众兴菌业,12.99,6.83,20260609
50,纺织制造,0.59,228.38,22.22,0.21,19,11,9.73,聚杰微纤,64.54,5.6,20260609
23,综合,1.56,575.26,82.47,0.81,6,9,14.34,南京新百,6.15,10.02,20260609
77,美容护理,-0.31,197.54,32.71,-1.47,13,20,16.56,金三江,14.18,5.12,20260609
5,能源金属,4.92,434.12,224.22,15.06,10,2,51.65,博迁新材,190.3,10.0,20260609
30,自动化设备,1.28,1355.92,767.05,-0.11,60,35,56.57,景业智能,68.73,11.25,20260609
36,计算机设备,0.98,930.82,283.45,-1.05,60,22,30.45,锐明技术,66.83,10.01,20260609
63,证券,0.25,2008.17,216.88,5.55,36,13,10.8,国金证券,7.9,2.73,20260609
26,贵金属,1.39,698.16,174.04,2.89,11,2,24.93,晓程科技,40.55,3.18,20260609
87,贸易,-0.98,365.95,22.73,-1.48,7,7,6.21,中成股份,13.85,2.29,20260609
35,轨交设备,0.98,401.34,44.12,2.41,21,8,10.99,时代电气,57.9,8.86,20260609
21,软件开发,1.65,1785.99,433.56,7.05,111,27,24.28,泛微网络,45.27,10.01,20260609
28,通信服务,1.34,1075.56,156.61,-2.86,33,11,14.56,世纪恒通,40.07,20.01,20260609
8,通信设备,3.3,2966.18,2577.15,97.75,74,16,86.88,太辰光,181.71,18.07,20260609
29,通用设备,1.3,4197.92,924.38,0.52,155,93,22.02,四方光电,55.81,14.79,20260609
27,造纸,1.36,574.22,41.98,-0.75,10,13,7.31,民士达,76.71,30.0,20260609
11,金属新材料,2.63,1009.07,204.45,2.3,26,8,20.26,龙磁科技,208.77,14.92,20260609
71,钢铁,-0.07,2080.69,100.0,-1.5,18,22,4.81,大中矿业,40.03,8.31,20260609
49,银行,0.59,4041.16,309.65,26.72,27,14,7.66,宁波银行,32.29,4.13,20260609
86,零售,-0.96,2894.68,162.95,-12.72,13,57,5.63,华致酒行,16.87,11.35,20260609
13,非金属材料,2.46,231.27,112.14,0.74,8,5,48.49,三祥新材,69.8,10.01,20260609
39,风电设备,0.91,702.01,117.92,3.34,22,9,16.8,时代新材,15.73,10.0,20260609
51,食品加工制造,0.5,954.45,110.62,-2.43,34,32,11.59,金字火腿,7.36,10.02,20260609
67,饮料制造,0.01,552.19,73.1,-6.28,18,26,13.24,安德利,61.09,6.91,20260609
60,黑色家电,0.32,288.83,32.65,0.15,3,6,11.3,兆驰股份,11.74,5.58,20260609
